,Name
0,aaban
1,aabid
2,aadil
3,aahil
4,aalam
5,aalee
6,aalim
7,aamil
8,aamir
9,aaqib
10,aaqil
11,aarif
12,aariz
13,aaryan
14,aashif
15,aashir
16,aasif
17,aasim
18,aatif
19,aaus
20,aayan
21,aazim
22,abaan
23,abbas
24,abbud
25,abbudin
26,abdal
27,abdalala
28,abdel
29,abdul
30,abdulaalee
31,abduladheem
32,abduladl
33,abdulafuw
34,abdulahad
35,abdulaleem
36,abdulalim
37,abdulaliyy
38,abdulawwal
39,abdulazeez
40,abdulazim
41,abdulaziz
42,abdulbaaqi
43,abdulbaari
44,abdulbaasit
45,abdulbadee
46,abdulbadi
47,abdulbaith
48,abdulbaqi
49,abdulbari
50,abdulbarr
51,abdulbaseer
52,abdulbasir
53,abdulbasit
54,abdulbatin
55,abduldhahir
56,abdulfattah
57,abdulghafaar
58,abdulghaffar
59,abdulghafoor
60,abdulghafur
61,abdulghani
62,abdulhadi
63,abdulhafeedh
64,abdulhafeez
65,abdulhafiz
66,abdulhakam
67,abdulhakeem
68,abdulhakim
69,abdulhaleem
70,abdulhalim
71,abdulhameed
72,abdulhamid
73,abdulhannan
74,abdulhaq
75,abdulhaqq
76,abdulhaseeb
77,abdulhasib
78,abdulhayy
79,abduljabaar
80,abduljabbar
81,abduljaleel
82,abduljalil
83,abduljawwad
84,abdulkabir
85,abdulkareem
86,abdulkarim
87,abdulkhabir
88,abdulkhaliq
89,abdullah
90,abdullateef
91,abdullatif
92,abdulmaajid
93,abdulmaalik
94,abdulmajeed
95,abdulmajid
96,abdulmalik
97,abdulmani
98,abdulmannan
99,abdulmateen
100,abdulmatin
101,abdulmubdee
102,abdulmubdi
103,abdulmueed
104,abdulmueid
105,abdulmughni
106,abdulmuhaimin
107,abdulmuhaymin
108,abdulmuhsi
109,abdulmuhsin
110,abdulmuhyee
111,abdulmuhyi
112,abdulmuid
113,abdulmuiz
114,abdulmuizz
115,abdulmujeeb
116,abdulmujib
117,abdulmumin
118,abdulmunim
119,abdulmuntaqim
120,abdulmuqaddim
121,abdulmuqeet
122,abdulmuqsit
123,abdulmuqtadir
124,abdulmusawwir
125,abdulmutaal
126,abdulmutaalee
127,abdulmuti
128,abdulmuzanni
129,abdulnafi
130,abdulnaseer
131,abdulnasir
132,abdulnasser
133,abdulnoor
134,abdulnur
135,abdulqaadir
136,abdulqadeer
137,abdulqadir
138,abdulqahaar
139,abdulqahhar
140,abdulqaiyoum
141,abdulqawi
142,abdulqayyum
143,abdulquddus
144,abdulqudoos
145,abdulraafi
146,abdulrabb
147,abdulrafi
148,abdulraheem
149,abdulrahim
150,abdulrahman
151,abdulraqib
152,abdulrasheed
153,abdulrashid
154,abdulrauf
155,abdulrazzaq
156,abdulsabur
157,abdulsalam
158,abdulsamad
159,abdulsami
160,abdulsattar
161,abdulshahid
162,abdulshakur
163,abdultawwab
164,abdulwaajid
165,abdulwaali
166,abdulwadood
167,abdulwadud
168,abdulwahhab
169,abdulwahid
170,abdulwajid
171,abdulwakil
172,abdulwali
173,abdulwaliy
174,abdulwarith
175,abdulwasi
176,abdulzahir
177,abdurraheem
178,abdurrahman
179,abdurraqeeb
180,abdurrasheed
181,abdurrashid
182,abdurrauf
183,abdurrazzaq
184,abdus
185,abdushshahid
186,abdussabour
187,abdussabur
188,abdussalaam
189,abdussamad
190,abdussameei
191,abdussami
192,abdussattar
193,abdusshafi
194,abdusshaheed
195,abdusshakur
196,abdussubbooh
197,abid
198,abidin
199,abisali
200,abrad
201,abrar
202,abrash
203,absi
204,abthi
205,abualkhayr
206,abubakr
207,abulhassan
208,abyad
209,abyan
210,abzari
211,adam
212,adan
213,adawi
214,adbulqawi
215,adeeb
216,adeel
217,adeem
218,adel
219,adham
220,adheem
221,adib
222,adil
223,adiy
224,adl
225,adli
226,adnan
227,aduzzahir
228,adyan
229,afaaq
230,afeef
231,affan
232,afham
233,afif
234,afiq
235,aflah
236,afraz
237,afruz
238,aftaab
239,aftab
240,afzal
241,agharr
242,ahab
243,ahad
244,ahmad
245,ahmar
246,ahmed
247,ahnaf
248,ahsan
249,ahwas
250,ahyan
251,ahzab
252,aidan
253,aidh
254,aijaz
255,aiman
256,aizat
257,ajer
258,ajib
259,ajlah
260,ajmal
261,akbar
262,akdas
263,akeem
264,akhas
265,akhdan
266,akhfash
267,akhlaq
268,akhtar
269,akif
270,akil
271,akmal
272,akram
273,ala
274,alaaldin
275,alabbas
276,aladdin
277,albara
278,alhakam
279,alharith
280,alhasan
281,alhusain
282,alhusayn
283,ali
284,alim
285,aliyy
286,almahdi
287,alman
288,almir
289,alsafi
290,altaf
291,altair
292,altamash
293,altayyib
294,altijani
295,altufail
296,altufayl
297,amaan
298,amaar
299,amam
300,amayr
301,ameen
302,ameer
303,amer
304,amid
305,amin
306,amir
307,amjad
308,ammaar
309,ammar
310,amr
311,amro
312,anas
313,anasah
314,aneeq
315,anees
316,aniq
317,anis
318,anjam
319,ansar
320,antarah
321,anwaar
322,anwar
323,anzar
324,aqdas
325,aqeel
326,aqeil
327,aqil
328,arbaaz
329,arbab
330,areeb
331,areez
332,arfan
333,arham
334,arif
335,arish
336,armaan
337,arman
338,arqam
339,arsal
340,arsalaan
341,arsh
342,arshad
343,arshaq
344,arslan
345,artah
346,aryan
347,asad
348,asadel
349,asar
350,asbagh
351,asbat
352,aseed
353,asfar
354,asgar
355,asghar
356,ashaath
357,ashar
358,ashaz
359,asher
360,ashfaq
361,ashik
362,ashim
363,ashmaan
364,ashmath
365,ashraf
366,asif
367,asim
368,aslam
369,asrar
370,aswad
371,ata
372,ataa
373,ataallah
374,ataalrahman
375,ataubaq
376,ateeb
377,athar
378,athazaz
379,athier
380,athil
381,athir
382,atif
383,atik
384,atiq
385,attiq
386,awad
387,awf
388,awn
389,aws
390,awwab
391,ayaan
392,ayaaz
393,ayaz
394,aybak
395,aydin
396,ayham
397,aymaan
398,ayman
399,ayoob
400,ayser
401,ayub
402,ayyash
403,ayyub
404,aza
405,azaan
406,azab
407,azad
408,azeem
409,azfer
410,azhar
411,azim
412,aziz
413,azlan
414,azmat
415,azraq
416,azraqi
417,azzam
418,baahir
419,baasim
420,babar
421,baber
422,badi
423,badialzaman
424,badr
425,badraldin
426,badri
427,baha
428,bahaaldin
429,bahij
430,bahir
431,bahiyyaldin
432,bakr
433,bakri
434,baligh
435,bandar
436,baqar
437,baqir
438,barakah
439,barir
440,barkat
441,barr
442,barraq
443,basel
444,basem
445,bashaar
446,bashar
447,basharat
448,bashir
449,bashshar
450,basil
451,basim
452,basir
453,bassam
454,batal
455,bayhas
456,bazaan
457,bazam
458,behzad
459,bilal
460,bishr
461,boulos
462,budail
463,budayl
464,bulhut
465,burak
466,burayd
467,burhaan
468,burhan
469,bushr
470,butrus
471,daamin
472,daanish
473,dabbah
474,dabir
475,daghfal
476,dakhil
477,dameer
478,damurah
479,dani
480,daniel
481,danish
482,daniyal
483,darim
484,darwish
485,daud
486,dawid
487,dawlah
488,dawoud
489,dawud
490,dayyan
491,dean
492,deen
493,dhakir
494,dhakiy
495,dhakwan
496,dhiya
497,dhulfiqar
498,dilawar
499,dildar
500,dinar
501,dirar
502,diya
503,diyaaldin
504,diyari
505,dizhwar
506,duha
507,duqaq
508,ehan
509,ehsaas
510,ehsan
511,eijaz
512,eisa
513,ejaz
514,elamin
515,emran
516,faaiz
517,faakhir
518,faaris
519,faaz
520,fadi
521,fadil
522,fadl
523,fadlallah
524,faeq
525,fahad
526,fahd
527,faheem
528,fahim
529,fahmi
530,fahyim
531,faik
532,faiq
533,faisal
534,faiyaz
535,faiz
536,faizaan
537,faizan
538,fajaruddin
539,fajer
540,fakeeh
541,fakhir
542,fakhr
543,fakhraldin
544,fakhri
545,fakhrul
546,fakhry
547,fakih
548,falah
549,falih
550,faqeeh
551,farafisa
552,faraj
553,farasat
554,faraz
555,fardeen
556,fareed
557,fareeq
558,farees
559,farhan
560,farid
561,fariq
562,faris
563,farooq
564,farouk
565,farraj
566,farrukh
567,faruq
568,fasahat
569,faseeh
570,fateen
571,fateh
572,fath
573,fathi
574,fatih
575,fatik
576,fatin
577,fattah
578,fawad
579,fawwaz
580,fawz
581,fawzan
582,fawzi
583,fayaaz
584,fayd
585,fayek
586,faysal
587,fayyad
588,fayzan
589,fazal
590,fazan
591,feroz
592,ferran
593,fida
594,fiddah
595,fidyan
596,fikri
597,firas
598,firoz
599,fizan
600,fouad
601,fuad
602,fudail
603,fujai
604,furozh
605,fuwad
606,fuzail
607,gamal
608,gamali
609,ghaith
610,ghali
611,ghalib
612,ghanem
613,ghanim
614,ghannam
615,ghasaan
616,ghassan
617,ghauth
618,ghawth
619,ghayoor
620,ghayth
621,ghazalan
622,ghazanfar
623,ghazawan
624,ghazi
625,ghazwan
626,ghazzal
627,ghiyath
628,ghufran
629,ghulam
630,ghunayn
631,ghusharib
632,ghusun
633,ghutayf
634,gohar
635,gulab
636,gulfam
637,gulshan
638,gulzar
639,haadee
640,haaris
641,haashir
642,haaziq
643,habbab
644,habeebullah
645,habib
646,habis
647,hadad
648,haddad
649,hadee
650,hadi
651,hadid
652,hafid
653,hafiz
654,hafs
655,haider
656,haikal
657,haitham
658,haji
659,hajib
660,hajjaj
661,hakeem
662,hakem
663,hakim
664,haleef
665,haleem
666,halim
667,hallaj
668,halwani
669,hamal
670,hamas
671,hamd
672,hamdan
673,hamdhy
674,hamdi
675,hameem
676,hami
677,hamid
678,hamim
679,hammad
680,hammam
681,hamood
682,hamza
683,hamzah
684,hana
685,hanai
686,hanash
687,hanbal
688,haneef
689,hani
690,hanif
691,hanifah
692,hannad
693,haq
694,haris
695,harisah
696,harith
697,haroon
698,haroun
699,harun
700,hasan
701,haseeb
702,haseen
703,hasham
704,hashid
705,hashim
706,hashir
707,hashmat
708,hasib
709,hasnain
710,hassan
711,hatib
712,hatim
713,hawshab
714,hayaat
715,haydar
716,hayder
717,haytham
718,hayyam
719,hayyan
720,hazim
721,haziq
722,hesam
723,hibah
724,hibbaan
725,hidayat
726,hilal
727,hilel
728,hilmi
729,himayat
730,hisham
731,hissan
732,hooman
733,hosaam
734,houd
735,houda
736,hubaab
737,hud
738,hudad
739,hudhafah
740,hudhaifah
741,hudhayfah
742,hujayyah
743,hujjat
744,humaid
745,humair
746,humam
747,humayl
748,humayun
749,humd
750,humza
751,hurairah
752,hurayth
753,hurmat
754,hurrah
755,husain
756,husam
757,husamaldin
758,husayn
759,husni
760,hussain
761,hussein
762,huthayfa
763,huzaifah
764,huzayfah
765,huzayl
766,ibaad
767,ibn
768,ibrahim
769,id
770,idris
771,iftikhar
772,ihab
773,ihsan
774,ihtesham
775,ihtiram
776,ihtisham
777,ihtsham
778,ijaz
779,ijli
780,ikrimah
781,ilan
782,ilias
783,ilifat
784,ilyas
785,imaad
786,imaan
787,imad
788,imadaldin
789,imam
790,imran
791,imtiaz
792,imtiyaz
793,inaam
794,inam
795,inayat
796,iniat
797,insaf
798,intaj
799,intikhab
800,intizar
801,iqbal
802,iqraam
803,iqrit
804,iqtidar
805,irfan
806,isa
807,isam
808,ishaq
809,ishrat
810,ishtiyaq
811,iskandar
812,islam
813,ismah
814,ismail
815,israr
816,issam
817,issar
818,istakhri
819,ithaar
820,itimad
821,iyaad
822,iyaas
823,iyad
824,iyas
825,izaan
826,izyan
827,izz
828,izzaldin
829,izzat
830,jaan
831,jabalah
832,jabbar
833,jabir
834,jabr
835,jad
836,jadallah
837,jafar
838,jaffer
839,jahangir
840,jahanzeb
841,jahdami
842,jahdari
843,jahiz
844,jahm
845,jal
846,jalal
847,jalalaldin
848,jaleel
849,jalees
850,jalil
851,jamal
852,jamalaldin
853,jameel
854,jamesha
855,jamil
856,jan
857,jaraah
858,jareer
859,jari
860,jarir
861,jariyah
862,jarood
863,jarrar
864,jasim
865,jasmir
866,jauhar
867,jaul
868,jaun
869,javed
870,javeed
871,javier
872,jawad
873,jawdah
874,jawdan
875,jawhar
876,jazib
877,jazlaan
878,jeelan
879,jibran
880,jibril
881,jihad
882,jiyad
883,juayl
884,jubair
885,jubayr
886,juhaym
887,jul
888,juma
889,jumah
890,jumanah
891,jummal
892,jumuah
893,junaid
894,junayd
895,jundub
896,juthamah
897,juwain
898,juwayn
899,kaamil
900,kaashif
901,kabeer
902,kabir
903,kadar
904,kadeen
905,kadeer
906,kadin
907,kadir
908,kafeel
909,kahil
910,kaiser
911,kajji
912,kalbi
913,kaleem
914,kaleema
915,kalil
916,kaliq
917,kamal
918,kameel
919,kamil
920,kamran
921,karam
922,kardal
923,kareef
924,kareem
925,karif
926,karim
927,kasam
928,kaseeb
929,kaseem
930,kashan
931,kashif
932,kasib
933,kasim
934,kateb
935,katib
936,kawkab
937,kawthar
938,kaysan
939,kazi
940,kazim
941,kedar
942,keyaan
943,khadim
944,khafid
945,khairaldin
946,khairi
947,khairy
948,khalaf
949,khalam
950,khaldoon
951,khaldun
952,khaled
953,khaleed
954,khaleel
955,khaleeq
956,khalid
957,khalifah
958,khalil
959,khalilalallah
960,khalis
961,khallad
962,kharijah
963,khasib
964,khateeb
965,khatib
966,khawar
967,khayaam
968,khayr
969,khayri
970,khayyat
971,khazin
972,khidash
973,khidr
974,khirash
975,khoury
976,khubaib
977,khubayb
978,khulayd
979,khulus
980,khunays
981,khuram
982,khuraymah
983,khurram
984,khursheed
985,khurshid
986,khushbakht
987,khushtar
988,khuzaimah
989,khuzaymah
990,kifayat
991,kinza
992,kishwar
993,kurayb
994,kutaiba
995,labeeb
996,labib
997,lablab
998,lahiah
999,laiq
1000,laith
1001,lajlaj
1002,laqeet
1003,lateef
1004,latif
1005,layth
1006,liban
1007,limazah
1008,liyaqat
1009,luay
1010,lubaid
1011,lubayd
1012,luqman
1013,lut
1014,lutf
1015,lutfi
1016,maaz
1017,mabad
1018,mad
1019,madani
1020,madiyan
1021,madyan
1022,mahad
1023,mahaz
1024,mahbeer
1025,mahbub
1026,mahd
1027,mahdi
1028,maher
1029,mahfuj
1030,mahfuz
1031,mahir
1032,mahja
1033,mahjub
1034,mahmoud
1035,mahmud
1036,mahrus
1037,maimun
1038,main
1039,majd
1040,majdaldin
1041,majdi
1042,majdy
1043,majid
1044,makhdoom
1045,makin
1046,makki
1047,malih
1048,malik
1049,mamdouh
1050,mamduh
1051,mamoon
1052,mamun
1053,man
1054,mandhur
1055,mansoor
1056,mansur
1057,manzar
1058,manzoor
1059,maqbool
1060,maqil
1061,marghoob
1062,marghub
1063,marid
1064,marudeen.
1065,maruf
1066,marwan
1067,marzuq
1068,masarrat
1069,mashal
1070,mashhood
1071,mashhud
1072,mashhur
1073,mashkoor
1074,masood
1075,masoud
1076,masroor
1077,masrur
1078,masud
1079,masum
1080,masun
1081,mateen
1082,matloob
1083,mawsil
1084,maymun
1085,maysarah
1086,mazhar
1087,mazin
1088,mehboob
1089,mehtab
1090,mekka
1091,mensur
1092,miftah
1093,mihran
1094,mihyar
1095,mika
1096,mikail
1097,mimar
1098,minhaj
1099,miqdad
1100,miraj
1101,mirsab
1102,misbah
1103,mishaal
1104,mishal
1105,miskeen
1106,mistah
1107,miyaz
1108,moazzam
1109,mobeen
1110,moeenuddin
1111,moeez
1112,moemen
1113,mohammed
1114,mohid
1115,mohsin
1116,mokbul
1117,moosa
1118,mostafa
1119,motasim
1120,motaz
1121,mounir
1122,mourad
1123,muadh
1124,muafa
1125,mualla
1126,muallim
1127,muammar
1128,muammer
1129,muawiyah
1130,muawwiz
1131,muayyad
1132,muballigh
1133,mubarak
1134,mubaraq
1135,mubashir
1136,mubassir
1137,mubeen
1138,mubid
1139,mubin
1140,mudabbir
1141,mudar
1142,mudasir
1143,mudasser
1144,muddaththir
1145,mueen
1146,mueez
1147,mufaddal
1148,mufakkir
1149,mufallah
1150,mufeed
1151,mufid
1152,muflih
1153,mufti
1154,mughith
1155,muhab
1156,muhafiz
1157,muhaimin
1158,muhair
1159,muhajir
1160,muhammad
1161,muhanna
1162,muhannad
1163,muhanned
1164,muharrem
1165,muhayr
1166,muhdee
1167,muheet
1168,muhib
1169,muhibb
1170,muhriz
1171,muhsin
1172,muhtadi
1173,muhtashim
1174,muhyialdin
1175,muin
1176,muinuddeen
1177,muiz
1178,muizz
1179,mujab
1180,mujaddid
1181,mujahid
1182,mujazziz
1183,mujeeb
1184,mujibur
1185,mujtaba
1186,mukarram
1187,mukhlis
1188,mukhtar
1189,mukthadir
1190,mulayl
1191,mulham
1192,mulhim
1193,mumin
1194,mummar
1195,mumtaz
1196,munaf
1197,munahid
1198,munawwar
1199,mundhir
1200,muneeb
1201,muneer
1202,munib
1203,munif
1204,munir
1205,munis
1206,munjid
1207,munkadir
1208,munqad
1209,munsif
1210,muntasir
1211,muntazir
1212,munzir
1213,muqaddas
1214,muqatadir
1215,muqbil
1216,muqtasid
1217,murabbi
1218,murad
1219,mursal
1220,murshid
1221,murtaad
1222,murtada
1223,murtadaa
1224,murtadhy
1225,murtadi
1226,murtaza
1227,musa
1228,musab
1229,musad
1230,musaddiq
1231,musaid
1232,museeb
1233,musharraf
1234,musheer
1235,mushfiq
1236,mushir
1237,mushtaq
1238,muslih
1239,muslim
1240,mussarrat
1241,mustaeen
1242,mustafa
1243,mustafeed
1244,mustahsan
1245,mustajab
1246,mustakim
1247,mustaneer
1248,mustaqeem
1249,mustatab
1250,muta
1251,mutahhir
1252,mutashim
1253,mutasim
1254,mutawalli
1255,mutawassit
1256,mutayyib
1257,mutazz
1258,muthanna
1259,muti
1260,muttaqi
1261,muttee
1262,muwaffaq
1263,muyassar
1264,muzaffar
1265,muzakkir
1266,muzammil
1267,muzhir
1268,muzzammil
1269,naadir
1270,nabeel
1271,nabhan
1272,nabigh
1273,nabighah
1274,nabih
1275,nabil
1276,nadeem
1277,nadhir
1278,nadim
1279,nadir
1280,nadr
1281,naeem
1282,nafasat
1283,nafees
1284,nafi
1285,nafis
1286,nahid
1287,naib
1288,naif
1289,nail
1290,naim
1291,najair
1292,najam
1293,najeeb
1294,najeed
1295,naji
1296,najib
1297,najid
1298,najih
1299,najjar
1300,najm
1301,najmaldin
1302,naman
1303,nameer
1304,namik
1305,namir
1306,naqeeb
1307,naqi
1308,naqid
1309,naqqaash
1310,naseef
1311,naseem
1312,naseer
1313,nashah
1314,nashat
1315,nashit
1316,nashwan
1317,nasib
1318,nasif
1319,nasih
1320,nasim
1321,nasir
1322,nasiraldin
1323,nasmi
1324,nasr
1325,nasri
1326,nasser
1327,nasuh
1328,natiq
1329,naushad
1330,naveed
1331,navid
1332,nawaf
1333,nawaz
1334,nawfal
1335,nawwaf
1336,nayab
1337,nayif
1338,nazakat
1339,nazar
1340,nazeef
1341,nazeeh
1342,nazeem
1343,nazeer
1344,nazih
1345,nazim
1346,nazir
1347,nazmi
1348,nehan
1349,nibras
1350,nidal
1351,nihal
1352,nijad
1353,nimr
1354,nishaaj
1355,nithar
1356,niyaz
1357,nizam
1358,nizar
1359,nizzar
1360,noman
1361,nooh
1362,noor
1363,noorali
1364,noori
1365,noraiz
1366,nour
1367,noureddine
1368,nuaim
1369,nuaym
1370,nubaid
1371,nuh
1372,nuhaid
1373,nuhayd
1374,numair
1375,numan
1376,nur
1377,nuraldin
1378,nuraz
1379,nurdeen
1380,nurfirdaus
1381,nuri
1382,nurulqiblatayn
1383,nusayb
1384,nusayr
1385,nusrah
1386,nusrat
1387,obaid
1388,omair
1389,omar
1390,osama
1391,owais
1392,parsa
1393,parvez
1394,pervaiz
1395,qaadir
1396,qabeel
1397,qadar
1398,qadeer
1399,qadi
1400,qadim
1401,qahtan
1402,qaim
1403,qais
1404,qamar
1405,qani
1406,qanit
1407,qareeb
1408,qaseem
1409,qasid
1410,qasif
1411,qasim
1412,qatadah
1413,qawee
1414,qays
1415,quadir
1416,qudamah
1417,qudoos
1418,qurban
1419,qusay
1420,qutaibah
1421,qutaybah
1422,qutb
1423,qutuz
1424,raahil
1425,raamis
1426,raamiz
1427,raashid
1428,rabah
1429,rabar
1430,rabbani
1431,rabee
1432,rabi
1433,rabiah
1434,rabit
1435,radi
1436,raees
1437,rafan
1438,rafay
1439,rafee
1440,rafeek
1441,rafi
1442,rafid
1443,rafik
1444,rafiq
1445,ragheb
1446,raghib
1447,raghid
1448,rahat
1449,raheel
1450,raheesh
1451,rahil
1452,rahim
1453,rahman
1454,rahmat
1455,raid
1456,raif
1457,raihan
1458,rais
1459,raiyan
1460,raja
1461,rajaa
1462,rajab
1463,raji
1464,rajih
1465,rakeem
1466,rakhshan
1467,rakin
1468,ramadan
1469,rameez
1470,rami
1471,ramih
1472,ramin
1473,ramiz
1474,ramzi
1475,rani
1476,raonar
1477,raquib
1478,raseem
1479,rashad
1480,rashdan
1481,rasheed
1482,rashid
1483,rasil
1484,rasin
1485,rasmi
1486,rasool
1487,rasul
1488,ratib
1489,rauf
1490,rawahah
1491,rawdah
1492,rawh
1493,rayan
1494,rayees
1495,rayhaan
1496,rayhan
1497,rayn
1498,rayyan
1499,raza
1500,razam
1501,razeen
1502,razin
1503,reda
1504,rehan
1505,rehma
1506,rehmatullah
1507,reza
1508,riaz
1509,rida
1510,ridha
1511,ridwan
1512,rifaah
1513,rihab
1514,risay
1515,riyad
1516,riyadh
1517,riyasat
1518,rizq
1519,rizwan
1520,robeel
1521,rohail
1522,roshan
1523,rowel
1524,ruhi
1525,rukanah
1526,rushd
1527,rushdi
1528,ruwaid
1529,ruwayd
1530,ruwayfi
1531,saad
1532,saadah
1533,saadat
1534,saafir
1535,saahir
1536,saaiq
1537,saal
1538,saaqib
1539,sab
1540,sabbir
1541,sabeeh
1542,sabeer
1543,sabih
1544,sabil
1545,sabiq
1546,sabir
1547,sabri
1548,sabur
1549,saburah
1550,sad
1551,sadad
1552,sadaldin
1553,sadan
1554,sadaqat
1555,sadeed
1556,sadeem
1557,sadid
1558,sadik
1559,sadiq
1560,sadit
1561,sadun
1562,saeed
1563,safdar
1564,safeenah
1565,safeer
1566,saffar
1567,safi
1568,safiy
1569,safiyaldin
1570,safiyallah
1571,safiyy
1572,safuh
1573,safulislam
1574,safwah
1575,safwan
1576,safwat
1577,sagheer
1578,sahab
1579,sahar
1580,saheim
1581,sahib
1582,sahil
1583,sahir
1584,sahl
1585,sahm
1586,sahmir
1587,saib
1588,said
1589,saif
1590,saifaldin
1591,saifan
1592,saifulazman
1593,saim
1594,sair
1595,sairah
1596,saji
1597,sajid
1598,sajjad
1599,sakhawat
1600,sakhr
1601,sakhrah
1602,salaahddinn
1603,salaam
1604,salah
1605,salahaldin
1606,salam
1607,salamah
1608,salamat
1609,salar
1610,saleel
1611,saleem
1612,saleh
1613,salif
1614,salih
1615,salik
1616,salim
1617,salman
1618,salsaal
1619,salsal
1620,salt
1621,sameed
1622,sameer
1623,sameh
1624,sami
1625,samih
1626,samir
1627,samit
1628,samman
1629,sanaullah
1630,sanawbar
1631,saood
1632,saqer
1633,saqib
1634,saqr
1635,sarab
1636,sarfaraz
1637,sarfraz
1638,sarim
1639,sariyah
1640,sarmad
1641,sarosh
1642,sarwar
1643,sati
1644,saud
1645,sawa
1646,sawad
1647,sawlat
1648,sawwaf
1649,sayf
1650,sayfiyy
1651,sayhan
1652,sayid
1653,sayyar
1654,sayyid
1655,seema
1656,seif
1657,shaaf
1658,shaariq
1659,shabaan
1660,shabab
1661,shabah
1662,shaban
1663,shabaz
1664,shabb
1665,shabbeer
1666,shabbir
1667,shabeeh
1668,shabib
1669,shad
1670,shadab
1671,shadan
1672,shadeed
1673,shadhin
1674,shadi
1675,shadin
1676,shafaat
1677,shafee
1678,shafeeq
1679,shafi
1680,shafin
1681,shafiq
1682,shafiulla
1683,shafqat
1684,shah
1685,shahab
1686,shahadat
1687,shahan
1688,shaharyar
1689,shahbaz
1690,shaheed
1691,shaheem
1692,shaheen
1693,shaheer
1694,shahid
1695,shahin
1696,shahir
1697,shahnawaz
1698,shahrukh
1699,shahrul
1700,shahzad
1701,shahzaib
1702,shahzor
1703,shairyaar
1704,shajee
1705,shakeel
1706,shakib
1707,shakir
1708,shallal
1709,shamal
1710,shamas
1711,shameel
1712,shameem
1713,shamel
1714,shamil
1715,shamim
1716,shammyn
1717,shams
1718,shamsaldin
1719,shamshad
1720,shamsheer
1721,shamsideen
1722,shamsulhaq
1723,shan
1724,shaqeeq
1725,sharaf
1726,sharafat
1727,sharaheel
1728,shareef
1729,shareek
1730,sharif
1731,sharifudin
1732,shariq
1733,sharique
1734,sharjeel
1735,shaukat
1736,shawaiz
1737,shawqi
1738,shayaan
1739,shayan
1740,shaybah
1741,shazad
1742,shazeb
1743,shaziya
1744,shehran
1745,shehroze
1746,shehryaar
1747,shehyar
1748,shehzaad
1749,sheraz
1750,sheryar
1751,shibli
1752,shifa
1753,shihab
1754,shihabaldin
1755,shihad
1756,shiraz
1757,shoaib
1758,shuaa
1759,shuaib
1760,shuayb
1761,shuja
1762,shukri
1763,shumayl
1764,shuneal
1765,shurahbeel
1766,shurayh
1767,shuraym
1768,siddiq
1769,sifet
1770,sikandar
1771,silah
1772,simak
1773,sinan
1774,siraj
1775,sirajaldin
1776,siwar
1777,sofian
1778,sohaib
1779,sohail
1780,souffian
1781,subhan
1782,subhi
1783,sufyan
1784,suhaan
1785,suhaib
1786,suhail
1787,suhaim
1788,suhayb
1789,suhayl
1790,suhaym
1791,suheb
1792,sulaiman
1793,sulayk
1794,sulayman
1795,sultaan
1796,sultan
1797,sumayya
1798,sumrah
1799,suoud
1800,suraqah
1801,surayj
1802,surur
1803,suud
1804,suwaybit
1805,suwayd
1806,sydeek
1807,syed
1808,taanish
1809,taban
1810,tabassum
1811,tabish
1812,taha
1813,tahawwur
1814,taheem
1815,tahir
1816,tahmeed
1817,tahmid
1818,tahoor
1819,tahseen
1820,tahsin
1821,taimallah
1822,taimur
1823,taj
1824,tajaldin
1825,tajammal
1826,tajammul
1827,tajudinn
1828,talal
1829,talat
1830,talha
1831,talhah
1832,tali
1833,talib
1834,tamam
1835,tameem
1836,tameez
1837,tamim
1838,tamir
1839,tamkeen
1840,tammam
1841,tanim
1842,tanveer
1843,tanwir
1844,taqiy
1845,taqiyy
1846,tarannum
1847,tareef
1848,tarif
1849,tariq
1850,tasadduq
1851,tasawwar
1852,taseen
1853,taslim
1854,tasneen
1855,taufiq
1856,tauqeer
1857,tawbah
1858,tawfeeq
1859,tawfiq
1860,tawhid
1861,tawoos
1862,tawseef
1863,taymallah
1864,taymullah
1865,taymur
1866,taysir
1867,tayyab
1868,tayyib
1869,tazeem
1870,tazneem
1871,tehseen
1872,thabit
1873,thalabah
1874,thaman
1875,thamar
1876,thamer
1877,thamir
1878,thaqaf
1879,thaqib
1880,tharwat
1881,thauban
1882,thawab
1883,thawban
1884,thayer
1885,thumamah
1886,tihami
1887,tobias
1888,toqeer
1889,tufayl
1890,tulayb
1891,tunveer
1892,turhan
1893,ubadah
1894,ubaid
1895,ubaidah
1896,ubayd
1897,ubaydah
1898,ubaydullah
1899,ubayy
1900,udail
1901,uday
1902,udayl
1903,uhban
1904,ulfat
1905,umair
1906,umar
1907,umarah
1908,umayr
1909,umayyah
1910,umran
1911,unais
1912,unal
1913,unays
1914,uqbah
1915,urfee
1916,urooj
1917,urwah
1918,usaim
1919,usama
1920,usamah
1921,usayd
1922,usaym
1923,usman
1924,utbah
1925,uthal
1926,uthman
1927,uwayam
1928,uzair
1929,uzayr
1930,waail
1931,waddah
1932,wadi
1933,wadid
1934,wafa
1935,wafeeq
1936,wafi
1937,wafiq
1938,wahab
1939,wahb
1940,wahban
1941,waheed
1942,wahhab
1943,wahhaj
1944,wahib
1945,wahid
1946,wail
1947,wais
1948,waiz
1949,wajdaan
1950,wajdi
1951,wajeeh
1952,wajid
1953,wajih
1954,wakalat
1955,wakeel
1956,wakil
1957,waleed
1958,wali
1959,walid
1960,walif
1961,waliuddin
1962,waliyaldin
1963,waliyallah
1964,waqaar
1965,waqar
1966,waqas
1967,waqqas
1968,ward
1969,wasay
1970,waseem
1971,wasif
1972,wasil
1973,wasim
1974,watheq
1975,wazir
1976,wildan
1977,wisam
1978,yafi
1979,yaghnam
1980,yahya
1981,yaman
1982,yameen
1983,yaqeen
1984,yaqoot
1985,yaqub
1986,yar
1987,yasar
1988,yaseen
1989,yasin
1990,yasir
1991,yasser
1992,yathrib
1993,yawar
1994,yawer
1995,yazan
1996,yazeed
1997,yazid
1998,yoonus
1999,youssef
2000,yuhannis
2001,yunus
2002,yusef
2003,yushua
2004,yusr
2005,yusri
2006,yusuf
2007,zackariya
2008,zaeem
2009,zafar
2010,zafir
2011,zafrul
2012,zaheer
2013,zahi
2014,zahid
2015,zahir
2016,zaid
2017,zaigham
2018,zaighum
2019,zaim
2020,zain
2021,zair
2022,zakar
2023,zakariya
2024,zakariyya
2025,zaki
2026,zakir
2027,zakwan
2028,zaky
2029,zaman
2030,zameer
2031,zamil
2032,zarar
2033,zarif
2034,zaroon
2035,zarrar
2036,zayan
2037,zayb
2038,zayd
2039,zayer
2040,zayn
2041,zebadiyah
2042,zeeshan
2043,zeeya
2044,zeyad
2045,zia
2046,ziad
2047,ziaud
2048,zishan
2049,ziyad
2050,zohaib
2051,zohair
2052,zubair
2053,zubayr
2054,zuehb
2055,zufar
2056,zuhaib
2057,zuhair
2058,zuhayr
2059,zuhoor
2060,zulaym
2061,zulfaqar
2062,zulfiqar
2063,zulqarnain
2064,zunnoon
2065,zuti
2066,aabidah
2067,aabirah
2068,aabish
2069,aadab
2070,aadila
2071,aaeedah
2072,aaeesha
2073,aafia
2074,aafiya
2075,aafreeda
2076,aafreen
2077,aaidah
2078,aairah
2079,aakifah
2080,aala
2081,aalaa
2082,aaleyah
2083,aalia
2084,aalimah
2085,aaliyah
2086,aamaal
2087,aamal
2088,aamanee
2089,aamilah
2090,aaminah
2091,aamira
2092,aamirah
2093,aanifatimahkhatoon
2094,aanisah
2095,aaqilah
2096,aara
2097,aarifah
2098,aasia
2099,aasimah
2100,aatifa
2101,aatikah
2102,aatiqah
2103,aatirah
2104,aazeen
2105,abal
2106,abasah
2107,abda
2108,abdia
2110,abeedah
2111,abeela
2112,abeer
2113,abeera
2114,abeerah
2115,abia
2116,abida
2117,abidah
2118,abir
2119,abla
2120,ablaa
2121,ablah
2122,abqurah
2123,abra
2125,ada
2126,adab
2127,adara
2128,adawiyah
2129,adeeba
2130,adeela
2131,adeelah
2132,adeena
2133,adeeva
2134,adiba
2135,adifaah
2136,adila
2137,adilah
2138,adla
2139,adn
2140,afaf
2141,afeefa
2142,afeerah
2143,afia
2144,afifa
2145,afifah
2146,afiyah
2147,afizah
2148,afnan
2149,afra
2150,afraa
2151,afrah
2152,afreen
2153,afroza
2154,afroze
2155,afsa
2156,afsana
2157,afshan
2158,afsheen
2159,afya
2160,ahd
2161,ahdia
2162,ahlam
2163,aida
2164,aidah
2165,aighar
2166,aila
2167,aimal
2168,aimen
2169,ain
2170,ainalsaba
2171,aini
2172,aisha
2173,aishah
2174,aiya
2175,aiyla
2176,aiza
2177,aizah
2178,ajeebah
2179,ajlal
2180,ajradah
2181,ajwa
2182,akia
2183,akifah
2184,akilah
2185,akleema
2187,alaia
2188,alayna
2189,aleemah
2190,aleena
2191,aleesa
2192,aleeza
2193,alesha
2194,alhena
2195,alia
2196,aliah
2197,alika
2198,alima
2199,alimah
2200,alina
2201,alishaba
2202,alishba
2203,aliyah
2204,aliyyah
2205,aliza
2206,alleyah
2207,alma
2208,almaas
2209,almas
2210,alraaz
2212,aludra
2213,alvina
2214,alya
2215,alzahra
2216,alzubra
2217,amah
2218,amal
2219,amala
2220,amalia
2221,aman
2222,amana
2223,amani
2224,amany
2225,amara
2226,amatullah
2227,amaya
2228,ambar
2229,ambareen
2230,amber
2231,ambereen
2232,ambreen
2233,ameena
2234,ameenah
2235,ameera
2236,ameerah
2237,amel
2238,amelia
2239,amena
2240,amilah
2241,amima
2242,amina
2243,aminah
2244,amineh
2245,amira
2246,amirah
2248,ammara
2249,ammarah
2250,amna
2251,amra
2252,amrah
2253,amreen
2254,amsah
2255,amtullah
2256,ana
2257,anaan
2258,anah
2259,anam
2260,anan
2261,anaum
2262,anbar
2263,anbarin
2264,andaleeb
2265,andalib
2266,andlib
2267,aneeqa
2268,aneesa
2269,aneesah
2270,aneezah
2271,angbin
2272,anida
2273,anika
2274,anila
2275,anisa
2276,anisah
2277,anisha
2278,aniya
2279,anja
2280,anjum
2281,anmar
2282,annam
2283,anniyah
2284,anousha
2285,anum
2288,anwara
2289,anya
2290,aqeela
2291,aqeelah
2292,aqilah
2293,aqsa
2294,ara
2295,aram
2296,areebah
2297,areej
2298,aresha
2299,arfa
2300,ariana
2301,aribah
2302,arij
2303,arisha
2304,arissa
2305,arjumand
2306,aroob
2307,aroosa
2308,aroush
2309,arsala
2310,arub
2311,arva
2312,arwa
2313,arya
2314,aryisha
2315,arzo
2316,arzoo
2317,arzu
2318,asalah
2319,asbah
2320,asfa
2321,asfia
2322,asfiya
2323,ashadieeyah
2324,ashalina
2325,ashbah
2326,asheeyana
2327,ashika
2328,ashwaq
2329,asifa
2330,asil
2331,asilah
2332,asili
2333,asima
2334,asimah
2335,asiya
2336,asiyah
2337,asli
2338,asma
2339,asmaa
2340,asmara
2341,asmat
2342,asna
2343,asra
2345,asriyah
2346,ateefa
2347,ateeqah
2348,ateeyah
2349,athilah
2351,athmah
2352,atia
2353,atifa
2354,atifah
2355,atika
2356,atikah
2357,atiqah
2358,atiya
2359,atiyah
2360,atyaf
2361,awa
2362,awatif
2363,aya
2364,ayaana
2365,ayaat
2366,ayah
2367,ayan
2368,ayana
2369,ayat
2370,ayeh
2371,ayesha
2372,ayishah
2373,aymen
2374,ayra
2375,aysha
2376,ayshah
2377,azadeh
2378,azeemah
2379,azeeza
2380,azhaar
2382,aziman
2384,aziza
2385,azizah
2386,azka
2387,azma
2388,azmina
2389,azra
2390,azraa
2391,azza
2392,azzah
2393,azzahra
2394,badia
2395,badiah
2396,badiyah
2397,badra
2398,badriya
2399,badriyah
2400,badriyyah
2402,bahaa
2403,bahar
2404,baheera
2406,bahijah
2407,bahira
2408,bahirah
2409,bahiya
2410,bahiyaa
2411,bahiyah
2412,bahiyyah
2413,bahriyahalaabidah
2414,bakht
2415,bakhtawar
2416,balqees
2417,balqis
2418,balsam
2419,ban
2420,banafsha
2421,banan
2422,banujah
2423,baraaa
2424,baraah
2425,baraka
2427,bareerah
2428,bariah
2429,barika
2430,barirah
2431,barrah
2432,barzah
2433,basaaria
2434,basbas
2435,baseema
2436,bashair
2437,basheera
2438,bashirah
2439,basilah
2440,basimah
2441,basinah
2442,basma
2443,basmah
2444,basoos
2445,batinah
2446,batool
2447,batrisyia
2448,batul
2449,bayan
2450,baysan
2451,bazilah
2452,beena
2453,beenish
2454,benazir
2455,benzair
2456,bilqees
2457,bilqis
2458,binesh
2459,binish
2460,birrah
2461,bisar
2462,bisharah
2463,bisma
2464,budur
2465,buhaisah
2466,buhaysah
2467,buhayyah
2468,buhjah
2469,buhthah
2470,bunanah
2471,buqayrah
2472,burdah
2473,busayrah
2474,bushra
2475,bushrah
2476,busr
2477,busrah
2478,buthainah
2479,buthayna
2480,buthaynah
2481,cala
2482,cantara
2483,chaman
2484,chanda
2485,chandni
2486,daania
2487,daanya
2488,dad
2489,dafiyah
2490,dahab
2491,dahma
2492,dalal
2493,daleela
2494,daliya
2495,daliyah
2496,daneen
2497,daniya
2498,daniyah
2499,darakhshaan
2500,darakhshan
2501,daria
2502,dawlatkhatoon
2503,deeba
2504,deema
2505,dema
2506,dhakirah
2507,dhakiyah
2508,dhuha
2509,dhuka
2510,dilshadkhatoon
2511,dimah
2512,dina
2513,diqrah
2514,diyanah
2515,doaa
2516,dua
2517,duaa
2518,dubaah
2520,dujanah
2521,dunia
2522,dunya
2523,dunyana
2524,durar
2525,durdanah
2526,durrah
2527,durriyah
2528,eiliyah
2529,eimaan
2530,eiman
2531,eliza
2532,elma
2533,eman
2534,enisa
2535,eraj
2536,erina
2537,ermina
2538,erum
2539,eshaal
2540,eshal
2541,eshmaal
2542,ezzah
2543,fadeelah
2544,fadheela
2545,fadila
2546,fadilah
2547,fadiyah
2548,fadwa
2549,fadwah
2550,fadyaa
2551,faeezah
2552,faekah
2553,fahada
2554,fahdah
2555,faheemah
2556,fahima
2557,fahimah
2558,fahmida
2559,faiha
2560,faiqa
2561,faiqah
2562,fairuzah
2563,faiza
2564,faizah
2565,fajr
2566,fakeehah
2567,fakhirah
2568,fakhra
2569,fakhriyah
2570,fakhtah
2571,fakihah
2572,falak
2573,falaknaz
2574,falaq
2575,falisha
2576,famya
2577,fanan
2578,faqirah
2579,fara
2580,farah
2581,faraza
2582,fareeda
2583,fareedah
2584,fareeha
2585,fareess
2586,farha
2587,farhah
2588,farhana
2589,farhanah
2590,farhat
2591,farheen
2592,farhiya
2593,faria
2594,fariah
2595,farida
2596,faridah
2597,fariha
2598,farihah
2599,farisha
2600,fariza
2601,farizah
2602,farkhandah
2603,farqad
2604,farwa
2605,farwah
2606,faryal
2607,faryat
2608,farzana
2609,farzeen
2610,faseehah
2611,faseelah
2612,fateenah
2613,fatheha
2615,fathima
2616,fathiya
2617,fathiyah
2618,fatiha
2619,fatihah
2620,fatim
2621,fatima
2622,fatimah
2624,fatinah
2625,fatma
2626,fauzia
2628,fawza
2629,fawzah
2630,fawzia
2631,fawziya
2632,fawziyah
2633,fawziyyah
2634,fayha
2635,fayruz
2636,fazia
2637,fazluna
2638,fazzilet
2639,feerozah
2640,feiyaz
2641,fellah
2642,femida
2645,fikriya
2646,fikriyah
2647,fir
2648,firdaus
2649,firdaws
2650,firdoos
2651,firdous
2652,firdowsa
2653,firyal
2654,fiza
2655,forhana
2656,fozia
2657,foziah
2658,fudayl
2659,furat
2660,furayah
2661,fusaylah
2662,fuseelah
2663,futun
2664,gazala
2665,ghaada
2666,ghaaliya
2667,ghadah
2668,ghadir
2669,ghalibah
2670,ghaliyah
2671,ghaneemah
2672,ghania
2673,ghaniyah
2674,gharam
2675,ghareebah
2676,ghayda
2677,ghaydaa
2678,ghazal
2679,ghazala
2680,ghazalah
2681,ghaziyah
2682,ghitbah
2683,ghizlan
2684,ghufayrah
2686,ghumaysa
2687,ghunwah
2688,ghunyah
2689,ghusoon
2691,ghuzayyah
2692,gulbano
2693,gulerana
2694,haadiya
2695,haajar
2696,haala
2697,hababah
2698,habeeba
2699,habiba
2700,habibah
2701,haboos
2702,hadeel
2703,hadeeqa
2704,hadeeqah
2705,hadhirah
2706,hadil
2707,hadiya
2708,hadiyah
2709,hadiyyah
2710,hafa
2711,hafeezah
2712,hafizah
2713,hafsa
2714,hafsa/ucha
2715,hafsah
2716,hafthah
2717,haifa
2718,haiza
2719,hajar
2720,hajjah
2721,hajna
2722,hajrah
2723,hakimah
2724,hala
2725,halah
2726,haleema
2727,halima
2728,halimah
2729,hamamah
2730,hamdiyah
2731,hameeda
2732,hamidah
2733,hamnah
2734,hamra
2736,hanan
2737,haneefa
2738,haneefah
2739,hanfa
2740,haniah
2741,hanifa
2743,hanin
2744,haniya
2745,haniyah
2746,haniyyah
2747,hannah
2748,hannan
2749,hareem
2750,haseena
2751,hasibah
2752,hasinah
2753,hasna
2754,hasnah
2755,hawa
2756,hawadah
2757,hawazin
2758,hawra
2759,hawwa
2760,hayaam
2761,hayah
2762,hayam
2763,hayat
2764,hayed
2765,hayfa
2766,hayrah
2767,hayud
2768,hazar
2769,hazimah
2770,haziqah
2771,hazirah
2772,heba
2773,heela
2774,hena
2775,henna
2776,hessa
2777,heyam
2778,hiba
2780,hibatallah
2781,hibatullah
2782,hibba
2783,hibbah
2784,hidayah
2785,hidiyah
2786,hifza
2787,hijab
2788,hijrah
2789,hikmah
2790,hikmat
2791,hilwana
2792,hind
2793,hindah
2794,hira
2795,hirah
2796,hiyam
2797,hoda
2798,hodan
2799,hooda
2800,hoor
2801,hooria
2802,hooriya
2803,hooriyah
2804,horia
2805,hubab
2806,hubayshah
2807,hubba
2808,huda
2809,hudun
2810,hujaymah
2811,hujayrah
2812,hukaymah
2813,hulyah
2814,huma
2815,humaira
2816,humairah
2817,humaydah
2818,humayrah
2819,humera
2820,humra
2821,hunaidah
2822,hunaydah
2823,hur
2824,huriyah
2825,huriyyah
2826,hurya
2827,husn
2828,husna
2829,husniya
2830,husniyah
2831,hutun
2832,huwaidah
2833,huwaydah
2834,iba
2835,ibadah
2836,ibthaj
2837,ibtihaaj
2838,ibtihaj
2839,ibtihal
2840,ibtisam
2841,idhar
2842,iffah
2843,iffat
2844,ifra
2845,iftikar
2847,iftin
2848,ifza
2849,ijabo
2851,ijlal
2852,ikhlas
2853,ikraam
2854,ikram
2855,ikramiya
2856,ilaaf
2857,ilhaam
2858,ilham
2859,ilhan
2860,ilm
2861,ilmeeyat
2862,iman
2863,imani
2864,imsaal
2865,imthithal
2866,imtihal
2867,imtithal
2869,inaaya
2871,inan
2872,inas
2873,inaya
2874,inayah
2876,inga
2878,insha
2879,intessar
2880,intisaar
2881,intisar
2882,iqra
2883,iraj
2884,iram
2885,irem
2886,irsa
2887,irum
2889,isad
2890,isaf
2891,isar
2892,isbah
2893,isha
2894,ishaal
2895,ishfaq
2896,ishraq
2897,isir
2898,isma
2900,ismat
2901,isra
2902,istabraq
2903,istilah
2904,itab
2905,itaf
2906,ithar
2907,itidal
2909,izdihaar
2910,izdihar
2911,izma
2912,izzah
2913,izzah(izzat)
2914,izzannisa
2916,jabeen
2917,jabirah
2918,jabrayah
2919,jada
2920,jadwa
2921,jahaan
2922,jahan
2923,jahanaara
2924,jahanara
2925,jahankhatoon
2926,jahdamah
2927,jahida
2928,jahmyyllah
2929,jaiyana
2930,jala
2931,jalilah
2932,jameela
2933,jameelah
2934,jameena
2935,jamia
2936,jamila
2937,jamilah
2938,jammana
2939,jana
2940,janaan
2941,janan
2942,jannah
2943,jannat
2944,jaseena
2945,jasmin
2946,jasmina
2947,jasrah
2948,javairea
2949,jawa
2950,jawahir
2951,jawharah
2952,jawl
2953,jawna
2954,jaza
2955,jazeera
2956,jazira
2957,jaziya
2958,jehaan
2959,jehan
2960,jemimah
2961,jenna
2962,jennah
2963,jessenia
2964,jian
2965,jihan
2966,jilan
2967,jinan
2968,johara
2969,jud
2970,judamah
2971,judi
2972,juhainah
2973,juhanah
2974,juhaynah
2975,jumaana
2976,juman
2978,jumaymah
2979,jumaynah
2980,jun
2981,junah
2982,junainah
2983,junnut
2984,juwairiyah
2985,juwan
2986,juwariyah
2987,juwayriyah
2988,kabirah
2989,kadshah
2990,kaheesha
2991,kainat
2992,kaleemah
2993,kali
2994,kalila
2995,kalima
2996,kalsoom
2997,kaltham
2998,kamaliyah
2999,kamilah
3000,kaneez
3001,kanval
3002,kanwal
3003,kanz
3004,kanza
3005,kanzah
3007,karawan
3008,kardawiyah
3009,kareema
3010,karida
3011,karima
3012,karimah
3013,kas
3014,kashifah
3015,kashish
3016,kathirah
3017,kaukab
3018,kausar
3019,kawakib
3022,kayan
3023,kaysah
3024,kehara
3025,kehkashan
3026,khadeeja
3027,khadija
3028,khadijah
3029,khadra
3030,khairah
3031,khairiya
3032,khalida
3033,khalidah
3034,khalilah
3035,khalisah
3036,khansa
3037,kharqa
3038,khatera
3039,khatira
3040,khatoon
3041,khawlah
3042,khayrah
3043,khayriyah
3044,khayriyyah
3045,khazanah
3046,khidrah
3047,khitam
3048,khudrah
3049,khulaybah
3050,khulood
3051,khulud
3052,khusbakht
3053,khuwaylah
3054,khuzama
3055,khuzamah
3056,kifah
3057,kiswar
3058,koila
3059,komal
3060,komila
3061,kuaybah
3062,kuhaylah
3063,kulthoom
3064,kulthum
3065,kulus
3066,kunza
3067,kuratulain
3068,kuwaysah
3069,kwairah
3070,kyda
3071,laaibah
3072,laaiqah
3073,labeebah
3074,labibah
3075,laiba
3076,laila
3077,laiqa
3078,lama
3079,lamah
3080,lamees
3081,lamiah
3082,lamis
3083,lamisa
3084,lamisah
3085,lamiya
3086,lamya
3087,lana
3088,lanika
3089,laraib
3090,lashirah
3091,lateefa
3092,latifa
3093,latifah
3094,layali
3095,layan
3096,layla
3097,layyah
3098,lazim
3099,leem
3100,leen
3101,leena
3102,leila
3103,leilah
3104,leyla
3105,liba
3106,lina
3107,linah
3108,liyana
3109,lubaaba
3110,lubab
3111,lubabah
3112,luban
3113,lubanah
3114,lubena
3115,lublubah
3116,lubna
3117,luja
3118,lujain
3119,lujaina
3120,lujayn
3121,lulu
3122,luluah
3123,lulwa
3124,luma
3125,luna
3126,lunah
3127,lutfiyah
3128,maab
3129,maahnoor
3130,maali
3131,maassama
3132,mada
3133,madaniyah
3134,madeeha
3135,madhat
3136,madhia
3137,madia
3138,madiha
3139,madihah
3140,maha
3141,mahabbah
3142,mahasin
3143,mahbasah
3144,mahbubah
3145,mahdiya
3146,mahdiyah
3147,maheen
3148,maheera
3149,mahek
3150,mahfuzah
3151,mahibah
3152,mahirah
3153,mahjabeen
3154,mahneera
3155,mahneerah
3156,mahnoor
3157,mahreen
3158,mahrosh
3159,mahrukh
3160,mahtob
3161,mahum
3162,mahveen
3163,mahvish
3164,mahwish
3165,mahwush
3166,maida
3167,maimoona
3168,maira
3169,mais
3170,maisa
3171,maisah
3172,maisarah
3173,maisha
3174,maizah
3175,majida
3176,majidah
3177,makaarim
3178,makarim
3179,makhtooma
3180,makhtoonah
3181,makkiyah
3182,maladh
3183,malaika
3184,malaikah
3185,malak
3186,malakah
3187,malayeka
3188,maleehah
3189,maliha
3190,malika
3191,malikah
3192,malmal
3193,manaal
3194,manaar
3195,manab
3196,manahel
3197,manahil
3198,manal
3199,manar
3200,manfoosah
3201,manha
3202,manhalah
3203,mansurah
3204,maqboolah
3205,maraam
3206,marah
3207,maram
3208,mardhiah
3209,marhabah
3210,maria
3211,mariam
3212,maridah
3213,mariya
3214,mariyah
3215,marjanah
3216,marnia
3217,marwa
3218,marwah
3219,maryam
3220,maryum
3221,marzuqah
3222,masabeeh
3223,masahir
3224,masarrah
3225,mashaal
3227,mashel
3228,mashoodah
3229,masooma
3230,masoomah
3231,masouda
3232,mastura
3233,masudah
3234,masumah
3235,mateenah
3236,mawaddah
3237,mawahib
3238,mawara
3239,mawiya
3240,mawiyah
3241,may
3242,maya
3243,mayameen
3244,mayeda
3245,maymunah
3246,mays
3247,maysa
3248,maysaa
3249,maysam
3250,maysan
3252,maysoon
3253,maysun
3254,mayyada
3255,mayyadah
3256,mayyasah
3257,maznah
3258,mazneen
3259,medina
3260,meem
3261,meena
3262,mehak
3263,mehek
3264,meher
3265,meheroon
3266,meherunissa
3267,mehjabeen
3268,mehmuda
3269,mehnaz
3270,mehndi
3271,mehnoor
3272,mehr
3273,mehreen
3274,mehriban
3275,mehrish
3276,mehrnaz
3277,mehrunisa
3278,mehvesh
3279,mehvish
3280,mehwish
3281,memoona
3282,menaal
3283,mersiha
3284,mevish
3285,meymona
3286,midhaa
3287,midhah
3288,mina
3289,minaal
3290,minal
3291,minnah
3292,mirah
3293,misba
3294,misha
3295,mishael
3296,mishall
3297,mishel
3298,miskeenah
3299,mobena
3300,mohaddisa
3301,mohga
3302,mohsina
3303,momina
3304,mona
3305,monera
3306,mouna
3307,mounia
3308,mounira
3309,muazah
3310,muazzaz
3311,mubarakah
3312,mubashirah
3313,mubassirah
3314,mubeenah
3316,mufeeda
3317,mufiah
3318,mufidah
3319,muhibbah
3320,muhja
3321,muhjah
3322,muhsinah
3323,muizza
3325,mukhlisah
3326,mumayyaz
3327,mumina
3328,muminah
3329,muna
3330,munawar
3332,munazzah
3333,muneeba
3334,muneera
3335,muneerah
3336,munerah
3337,muneza
3338,muniba
3339,munira
3340,munirah
3341,munisa
3342,munisah
3343,munize
3344,muntaha
3345,muqadaas
3346,muqbalah
3347,murdiyyah
3348,murjanah
3349,murshidah
3350,muruj
3351,musaddiqah
3352,musaykah
3353,musheera
3354,mushira
3355,mushirah
3356,muskaan
3357,muskan
3358,muslimah
3359,musn
3360,musnah
3361,mussah
3362,mussaret
3363,mustaeenah
3364,mutahharah
3365,mutazah
3367,muzaynah
3368,muznah
3369,myiesha
3370,myreen
3371,mysha
3372,naailah
3373,naairah
3374,naajidah
3375,naazneen
3376,naba
3377,nabeeha
3378,nabeela
3379,nabeelah
3380,nabiha
3381,nabihah
3382,nabijah
3383,nabila
3384,nabilah
3385,nada
3386,nadeeda
3387,nadeen
3388,nadesh
3389,nadia
3390,nadidah
3391,nadimah
3392,nadira
3393,nadirah
3394,nadiyah
3395,nadra
3396,nadwa
3397,nadwah
3398,nadyne
3399,naeema
3400,naeemah
3401,nafeesa
3402,nafeesah
3403,nafesa
3404,nafiah
3405,nafisah
3406,naflah
3407,nageen
3408,nageenah
3409,nagheen
3410,nagina
3411,nahal
3412,naheed
3413,naheeda
3415,nahida
3416,nahidah
3417,nahla
3418,nahlah
3419,nahleejah
3420,naifah
3421,naila
3422,nailah
3423,naima
3424,naimah
3425,nain
3426,naina
3427,najaah
3428,najaf
3429,najah
3430,najat
3431,najdah
3432,najeeba
3433,najibah
3434,najidah
3435,najihah
3436,najiyah
3437,najla
3438,najma
3439,najmah
3440,najmiyyah
3441,najwa
3442,najya
3443,nakhat
3444,nakia
3445,namar
3446,namra
3447,namyla
3448,naqeebah
3449,naraiman
3450,nargis
3451,narjis
3452,narmin
3453,naseeka
3454,naseemah
3455,naseerah
3456,nasha
3457,nasheed
3458,nasheelah
3459,nashema
3460,nashida
3461,nashirah
3462,nashita
3463,nashitah
3464,nashmia
3465,nashwa
3466,nasifah
3467,nasiha
3468,nasihah
3470,nasimah
3471,nasira
3472,nasirah
3473,nasmah
3474,nasra
3475,nasreen
3476,nasrin
3477,nasrullah
3478,natara
3479,natasha
3480,nathifa
3481,naureen
3482,naurus
3483,naushaba
3484,nausheen
3485,naushin
3486,naveda
3487,naveen
3488,navil
3489,nawal
3490,nawar
3491,naweed
3492,nawel
3493,nawlah
3494,nawrah
3495,nawwal
3496,nawwar
3497,nayila
3498,nayyab
3499,nayyirah
3500,nazaaha
3501,nazahah
3502,nazanin
3503,nazeefah
3504,nazeeha
3505,nazeera
3506,nazeerah
3507,nazia
3508,nazihah
3509,nazimah
3510,nazindah
3511,nazirah
3512,nazish
3513,nazli
3514,nazma
3515,nazmin
3516,nazneen
3517,nazraana
3518,nazuk
3519,neelam
3520,neelofer
3521,neeshad
3522,neeya
3523,neha
3524,nejat
3525,nelam
3526,nelofar
3527,nesrin
3528,nevaeh
3529,nibaal
3530,nibal
3532,nida
3533,nidaa
3534,nidda
3535,nigar
3536,nighat
3537,nihad
3539,nija
3540,nijah
3541,nilofar
3542,nilofer
3543,nimaat
3544,nimah
3545,nimat
3546,nimerah
3547,nimra
3548,nimrah
3549,nina
3550,nisa
3551,nisha
3552,nishat
3553,nisreen
3554,nisrin
3555,nissa
3556,niyaf
3557,nojood
3559,noorah
3560,nooralhaya
3561,noorie
3562,nooriya
3563,noorjahan
3564,noorjehan
3565,noorulann
3566,nora
3567,norah
3568,noreen
3569,norhan
3570,noriza
3571,noshaba
3572,nosheen
3573,nouf
3574,noureen
3575,nuaymah
3576,nudar
3577,nudbah
3578,nudhar
3579,nudrat
3580,nuha
3581,nuhaa
3582,nujud
3583,numa
3584,nunah
3586,nura
3587,nurah
3588,nuralhuda
3589,nurayda
3590,nuriya
3591,nuriyah
3592,nurjenna
3593,nuryn
3594,nusaibah
3595,nusaybah
3598,nuwairah
3599,nuwayla
3600,nuwaylah
3601,nuwayrah
3602,nuwwar
3603,nuwwarrah
3604,nuzhah
3605,nuzhat
3606,nyasia
3607,nyla
3608,ojala
3609,omera
3610,pakeezah
3611,parinda
3612,pariza
3613,parveen
3614,parvina
3615,qabalah
3616,qabilah
3617,qabool
3618,qadr
3619,qadriyah
3620,qadriyyah
3621,qailah
3623,qamayr
3624,qameer
3625,qaniah
3626,qaraah
3627,qarasafahl
3628,qareebah
3629,qasoomah
3630,qaylah
3631,qaymayriyah
3632,qaysar
3633,qindeel
3634,qirat
3635,qisaf
3636,qismah
3637,qiyyama
3638,quadriyyah
3639,qubilah
3640,quddusiyyah
3641,qudsiyah
3642,quraybah
3643,qurratulain
3644,qurratulayn
3645,qutaylah
3646,qutayyah
3647,raaida
3648,raameen
3649,raawiya
3650,rabab
3651,rabail
3652,rabbiya
3653,rabeea
3654,rabia
3656,rabitah
3657,rabiya
3658,rabiyah
3659,radeyah
3660,radhia
3661,radhiya
3662,radhwaa
3663,radiyah
3664,radwa
3665,raeesah
3666,rafa
3667,rafah
3668,rafal
3669,rafat
3670,rafeeqah
3671,rafia
3672,rafiah
3673,rafida
3674,rafidah
3675,rafif
3676,rafiqah
3677,raghad
3678,raghda
3679,raghibah
3680,raghidah
3681,raha
3682,rahaf
3683,raheemah
3684,rahila
3685,rahilah
3686,rahimah
3687,rahiq
3688,rahma
3689,rahmaa
3690,rahmah
3691,raidah
3692,raifah
3693,raihana
3694,raima
3695,raina
3696,raiqah
3697,raitah
3699,rajiyah
3700,rameen
3701,rameesha
3702,ramia
3703,ramidha
3704,ramisa
3705,ramlah
3706,ramsha
3707,ramzia
3708,ramziyah
3709,rana
3710,rand
3711,randa
3712,raneem
3714,rania
3715,ranim
3716,raniya
3717,raniyah
3718,ranya
3719,rasha
3721,rasheeda
3722,rasheedah
3723,rashida
3724,rashidah
3725,rasmiyah
3726,raudzah
3727,rawah
3729,rawdha
3730,rawhah
3731,rawhiyah
3732,rawiah
3733,rayann
3734,rayhanah
3735,rayna
3736,rayya
3737,rayyaa
3738,razaan
3739,razaana
3740,razaanah
3741,razan
3742,razia
3743,reeha
3744,reeham
3745,reem
3746,reema
3747,reena
3748,reham
3749,rehana
3750,rehemat
3751,reja
3752,reshma
3753,reyah
3754,reyhana
3756,rifaat
3757,rifat
3758,rifaya
3759,riffat
3761,riham
3762,rihana
3763,rija
3764,rijja
3765,rim
3766,rima
3767,rimsha
3768,rinaaz
3769,rizqin
3770,rizwana
3771,robina
3772,roha
3773,rohaan
3774,roma
3775,romana
3776,romeesa
3777,rona
3778,roshini
3779,roshni
3780,roushana
3781,rua
3782,ruaa
3783,rubaa
3784,rubaba
3785,rubadah
3786,rubi
3787,rubina
3788,rubiya
3789,rudainah
3790,rudaynah
3791,rufaidah
3792,rufaydah
3793,ruhab
3794,ruhee
3796,ruhina
3797,rukan
3798,rukayat
3799,rukhsaar
3800,rukhsana
3801,rukhsar
3802,ruksana
3803,ruksha
3804,rumailah
3805,rumaisa
3806,rumaithah
3807,rumana
3808,rumaylah
3809,rumaythah
3810,rumeha
3811,ruqaya
3812,ruqayya
3813,ruqayyah
3814,ruquaiya
3816,rushda
3817,ruwaidah
3818,ruwaydah
3819,ruyah
3820,saabira
3821,saadia
3822,saadiya
3823,saaedah
3824,saaleha
3825,saaliha
3826,saamiya
3827,saara
3828,saarah
3829,saba
3830,sabaa
3831,sabah
3832,sabahat
3833,sabburah
3834,sabeegah
3835,sabeen
3836,sabeeyah
3837,sabiha
3838,sabihah
3839,sabina
3840,sabiqah
3841,sabirah
3842,sabr
3843,sabreen
3844,sabrin
3845,sabriyah
3846,sabuhi
3848,sadaf
3849,sadah
3850,sadia
3851,sadiah
3852,sadiqa
3853,sadiqah
3854,sadiyah
3855,sadoof
3856,saeedah
3857,safa
3858,safaa
3859,safeerah
3860,saffanah
3861,saffiya
3862,safia
3863,safiya
3864,safiyya
3865,safiyyah
3866,safoorah
3867,safun
3869,safwana
3870,sageda
3871,sagheerah
3873,saharish
3874,sahibah
3875,sahirah
3876,sahla
3877,sahlah
3878,sahrish
3879,saibah
3880,saida
3881,saidah
3882,saihah
3883,saila
3884,saima
3885,saimah
3886,saiqa
3887,saira
3889,sairish
3890,saja
3891,sajidah
3892,sakeena
3893,sakeenah
3894,sakina
3895,sakinah
3896,saleema
3897,saleemah
3898,saleena
3899,salifah
3900,salihah
3901,salikah
3902,salimah
3903,salma
3904,salmaa
3905,salsabeel
3906,salsabil
3907,salwa
3908,samaa
3909,samaah
3910,samah
3911,samaira
3912,samar
3913,samara
3914,samarah
3915,samawah
3916,sameea
3917,sameeha
3918,sameen
3919,sameena
3920,sameenah
3921,sameera
3923,samera
3924,sameya
3925,samia
3926,samiah
3927,samihah
3928,samina
3929,samira
3930,samirah
3931,samiun
3932,samiya
3933,samiyah
3934,sammar
3935,samra
3936,samrah
3937,samrina
3938,sana
3939,sanaa
3940,sanam
3941,sanari
3942,sanaubar
3943,sanika
3944,saniya
3945,saniyah
3946,saniyya
3947,sanjeedah
3948,sara
3949,sarah
3950,sarina
3951,sarish
3952,sarra
3953,sarrinah
3954,sarwari
3955,sarwat
3956,sarwath
3957,sauda
3958,savaira
3959,sawdah
3960,sawsan
3961,sayyidah
3962,seem
3963,seemeen
3964,seerat
3965,seham
3966,seher
3967,sehr
3968,sehrish
3969,selina
3970,senada
3971,senait
3972,sfiyah
3973,shabana
3974,shabeehah
3975,shabina
3976,shabnam
3978,shadha
3979,shadhaa
3980,shadhiyah
3981,shadiyah
3982,shadmani
3983,shafana
3984,shafaq
3985,shafath
3986,shafeeqah
3987,shafia
3988,shafiah
3989,shafiqah
3990,shagufta
3991,shahada
3992,shahana
3993,shaharun
3994,shahd
3995,shahed
3996,shaheema
3997,shaheena
3998,shaheenah
3999,shaheerah
4000,shahida
4001,shahidah
4002,shahina
4003,shahirah
4004,shahla
4005,shahlah
4006,shahmeen
4007,shahnaaz
4008,shahnaz
4009,shahnoor
4010,shahrazad
4011,shahreen
4012,shahzaadee
4013,shahzana
4014,shaila
4015,shaima
4016,shairah
4017,shaista
4018,shaistah
4019,shajarah
4020,shajeeah
4021,shakeelah
4022,shakila
4023,shakirah
4024,shakurah
4025,shalimar
4026,shama
4027,shamailah
4028,shamama
4029,shamamah
4030,shameemah
4031,shameena
4032,shamila
4033,shamilah
4035,shamima
4036,shamis
4037,shamoodah
4039,shamsa
4040,shamsia
4041,shanaz
4042,shanika
4043,shanum
4044,shanza
4045,shanzay
4046,shanze
4047,shaqeeqah
4048,sharayah
4049,shareefa
4050,shareekah
4051,shareen
4052,sharifah
4053,shariqah
4054,sharleez
4055,sharmeen
4056,sharmin
4057,shasmeen
4058,shatha
4059,shawq
4060,shayla
4061,shayma
4062,shaymaa
4063,shazana
4064,shazfa
4065,shazia
4066,shazmah
4067,shazmin
4068,shazneen
4069,sheema
4070,sheen
4071,sheenaz
4072,shehla
4073,shehrbano
4074,shehzadi
4075,sheila
4076,shellah
4077,sherana
4078,shereen
4079,sherrifah
4080,sheyla
4081,sheza
4082,shezan
4084,shihaam
4085,shillan
4086,shimah
4087,shimaz
4088,shireen
4089,shiya
4090,shiyam
4091,shiza
4092,shua
4093,shuba
4094,shudun
4095,shuhrah
4096,shujana
4097,shukrah
4098,shukriyah
4099,shumaila
4100,shumaisiya
4101,shumaylah
4102,shumaysah
4103,shurafa
4104,shurooq
4105,shuruq
4106,shyreen
4107,sibaal
4108,sibal
4109,siddiqa
4110,siddiqah
4111,siddra
4112,sidra
4113,sidrah
4114,sihaam
4115,siham
4116,simah
4117,simra
4118,simrah
4119,sirah
4120,sireen
4121,sirin
4122,sitarah
4123,sitwat
4124,sobia
4125,sofia
4126,soha
4127,sohana
4128,somaya
4129,sonia
4130,sophia
4131,soraiya
4132,soraya
4133,sorfina
4134,souad
4135,souhayla
4136,suad
4137,subaha
4138,subayah
4139,subbiha
4140,subhaan
4141,subhah
4142,subhiyah
4143,subuhi
4144,suda
4145,sudi
4146,sufia
4147,sughra
4148,suha
4149,suhailah
4150,suhaimah
4151,suhair
4152,suhana
4153,suhaylah
4154,suhaymah
4155,suhayr
4156,suheera
4157,suja
4158,sukaina
4159,sukainah
4160,sukaynah
4161,sulafah
4162,sultana
4163,sultanah
4164,sulthana
4165,sumaira
4166,sumaiya
4167,sumaiyah
4168,sumanah
4169,sumara
4170,sumayra
4171,sumayrah
4172,sumaytah
4173,sumayyah
4174,sumbul
4175,sumera
4176,sumia
4177,sumiya
4178,sumlina
4179,summar
4180,summaya
4181,summayyah
4182,sumnah
4183,sumra
4185,sunbul
4186,sundas
4187,sundus
4188,sunya
4189,sura
4190,suraa
4191,suraiya
4192,suraya
4193,surraya
4194,suwaydah
4195,suwera
4196,swiyyah
4197,taabeer
4198,taahira
4199,taalah
4200,taalia
4201,tabalah
4203,tabinda
4204,tafida
4205,taghrid
4206,tahani
4207,tahera
4208,tahfeem
4209,tahira
4210,tahirah
4211,tahiyah
4212,tahiyat
4213,tahlibah
4214,tahseenah
4215,taibah
4216,taima
4217,takiyah
4218,tala
4219,talah
4220,talibah
4221,tamadur
4222,tamanna
4223,tamara
4224,tameemah
4225,tanisha
4226,tanweer
4227,tanzeela
4228,tanzila
4229,taqiyah
4230,taqwa
4231,taqwaa
4232,tara
4233,tariqah
4234,tarub
4235,tasavur
4236,taseefa
4237,tasheen
4238,taskeen
4239,tasleem
4240,tasliymah
4241,tasneam
4242,tasneem
4243,tasnim
4244,tatheer
4246,taybah
4247,tayma
4248,tayyibah
4249,tazeen
4250,tazim
4251,tazkia
4252,tazmeen
4253,tehmeed
4254,tehreem
4255,tehzeeb
4256,thabitah
4257,thahera
4258,thaminah
4259,thana
4260,thanaa
4261,thara
4262,tharaa
4263,tharwah
4264,tharya
4265,thashin
4267,thoraya
4268,thubaytah
4269,thufailah
4270,thuml
4271,thuraiya
4272,thurayya
4273,thuwaibah
4274,thuwaybah
4275,tibah
4276,tisha
4277,tooba
4278,toufika
4279,tuba
4280,tubaa
4281,tubassum
4282,tufaylah
4283,tulayhah
4284,tumadur
4285,tuqa
4286,tuqaa
4287,ubaab
4288,ubab
4289,ubah
4290,udaysah
4291,ugbaad
4292,uhud
4293,ujala
4294,ula
4295,ulfah
4296,umaiza
4297,umamah
4298,umaymah
4299,umaynah
4300,umayrah
4301,ummayyah
4302,ummekulsum
4303,ummkalthum
4304,ummkulthum
4305,umnia
4306,umniyah
4307,unaysah
4308,unaza
4309,unsa
4310,uroosa
4311,urshia
4312,usaimah
4313,usaymah
4314,ushna
4315,uswa
4316,utaybah
4317,uwaisah
4318,uwaysah
4319,uzma
4320,valiqa
4321,vardah
4322,varisha
4323,waajidah
4324,wabisa
4325,wad
4326,wadha
4327,wadhaa
4328,wadiah
4330,wafaa
4331,wafeeqa
4332,wafeeqah
4333,wafiqah
4334,wafiyah
4335,wafiza
4336,wagma
4337,wahabah
4338,wahbiyah
4339,wahibah
4340,wahida
4341,wahidah
4342,wahuj
4343,wajahat
4344,wajd
4345,wajihah
4346,wakeelah
4347,wala
4348,walaa
4349,walidah
4350,walihah
4351,waliyah
4352,walladah
4353,wania
4354,waniya
4355,warda
4356,wardah
4357,wareesha
4358,warizah
4359,warqa
4360,warqaa
4361,warsan
4362,waseefah
4363,waseemah
4364,wasfiyah
4365,washma
4366,wasifah
4367,wasilah
4368,wasimah
4369,wasna
4370,watiaa
4371,wazeera
4372,wiam
4373,wid
4374,widaad
4375,widad
4376,wifaq
4377,wijdan
4378,wisaal
4379,wisaam
4380,wisal
4382,wiyyam
4383,wordah
4384,wurud
4385,yafiah
4386,yakootah
4387,yalina
4388,yalqoot
4389,yamamah
4390,yamha
4391,yamina
4392,yaminah
4393,yara
4394,yarah
4395,yasirah
4396,yasmeen
4397,yasmeenah
4398,yasmin
4399,yasmina
4400,yasmine
4401,yasna
4402,yassaman
4403,yelda
4404,yumn
4405,yumna
4406,yumnah
4407,yusayrah
4408,yusra
4409,yusraa
4410,yusriyah
4411,yusur
4412,zaafirah
4413,zaahirah
4414,zaara
4415,zaeemah
4416,zafeerah
4417,zafirah
4418,zafreen
4419,zahabiya
4420,zahara
4421,zaheen
4422,zaheerah
4423,zahidah
4424,zahira
4425,zahirah
4426,zahra
4427,zahraa
4428,zahrah
4429,zahwah
4430,zaida
4432,zaina
4433,zainab
4434,zairah
4435,zaiton
4436,zakia
4437,zakirah
4438,zakiyah
4439,zalfa
4440,zameelah
4441,zameena
4442,zamrud
4443,zanubiya
4444,zanyah
4445,zara
4446,zareen
4447,zareena
4448,zareenah
4449,zarifah
4450,zarina
4451,zariya
4452,zariyah
4453,zarmina
4454,zarqa
4455,zarrah
4456,zartaj
4457,zayaan
4458,zayba
4460,zaynab
4461,zaynah
4462,zaytoon
4463,zaytoonah
4464,zeba
4465,zeena
4466,zeenat
4467,zehna
4468,zehra
4469,zenia
4470,zerina
4471,zhalay
4472,zinah
4473,zinat
4474,zineta
4475,zinneerah
4476,ziyan
4477,zoeya
4478,zoha
4479,zoharin
4480,zohha
4481,zohra
4482,zohura
4483,zonira
4484,zorah
4485,zoufishan
4486,zoya
4487,zubaidah
4488,zubaria
4489,zubash
4490,zubaydah
4491,zubdah
4492,zubi
4493,zuha
4494,zuhaa
4495,zuhaira
4496,zuharah
4497,zuhayra
4498,zuhera
4499,zuhra
4500,zuhrah
4501,zuhur
4502,zulaykha
4503,zulekha
4504,zulfa
4505,zulfah
4506,zumurrud
4507,zumzum
4508,zunairah
4509,zynah
4510,zyva
9022,Aali
9023,Aaliyah
9024,Aamina
9025,Aaminah
9026,'Aamir
9027,Aamir 1
9028,Aamir 2
9029,'Abbas
9030,Abbas
9031,Abd al-Aziz
9032,Abd al-Hamid
9033,Abd al-Kader
9034,Abd al-Karim
9035,Abd Allah
9036,Abd al-Latif
9037,Abd al-Majid
9038,Abd al-Malik
9039,Abd al-Qadir
9040,Abd al-Rahim
9041,Abd al-Rahman
9042,Abd al-Rashid
9043,Abd al-Salam
9044,Abd al-Wali
9045,Abd ar-Rahim
9046,Abd ar-Rahman
9047,Abd ar-Rashid
9048,Abd as-Salam
9049,Abdelaziz
9050,Abdelhamid
9051,Abdelkader
9052,Abdellatif
9053,Abdelmajid
9054,Abderrahim
9055,Abderrahmane
9056,Abdeslam
9057,Abdessalam
9058,Abduh
9059,Abdul
9060,Abdul Aziz
9061,Abdulaziz
9062,Abdul Hamid
9063,Abdulla
9064,Abdullah
9065,Abdul Rahman
9066,Abdur Rahim
9067,Abdur Rahman
9068,Abdur Rashid
9069,Abdus Salam
9070,'Abla
9071,Abrar
9072,Abu
9073,Abu al-Fadl
9074,Abu Bakr
9075,Abul-Fazl
9076,Adam
9077,Adel
9078,Adil
9079,Adila
9080,Adnan
9081,Afaf
9082,Affan
9083,Afif
9084,Afra 2
9085,Afzal
9086,Ahmad
9087,Ahmed
9088,Acha
9089,Aida
9090,Aiman 2
9091,'Aisha
9092,A'isha
9093,Aisha
9094,Aishah
9095,Akbar
9096,Akilah
9097,Akram
9098,Ala 1
9099,Ala ad-Din
9100,Ala al-Din
9101,Al-Amir
9102,Al-Hasan
9103,'Ali
9104,Ali 1
9105,Alia 1
9106,Alim
9107,Aliya 1
9108,Aliyah 1
9109,Aliyya
9110,Aliyyah
9111,Almas
9112,Alya 1
9113,Amaal
9114,Amal 1
9115,Amani
9116,Amel 2
9117,Amin
9118,Amina
9119,Aminah 1
9120,Aminah 2
9121,Amine 1
9122,Amir 1
9123,Amira 1
9124,Amirah
9125,Amjad
9126,'Ammar
9127,Ammar
9128,Amna
9129,Anas
9130,Anass
9131,Anis
9132,Anisa
9133,Ansar
9134,Anwar
9135,Anwer
9136,Aqil
9137,Aqila
9138,Arif
9139,Arij
9140,Arwa
9141,As'ad
9142,Asad
9143,Ashfaq
9144,Ashraqat
9145,Asif
9146,Asim 1
9147,Asiya
9148,Asma
9149,Asmaa
9150,Asra
9151,Assia
9152,Ata 2
9153,Atallah
9154,Ataullah
9155,Atif
9156,Atifa
9157,Atiya
9158,Atuf
9159,Aya 2
9160,Ayah
9161,Ayda
9162,Ayesha
9163,Ayishah
9164,Ayman
9165,Ayoub
9166,Aysha
9167,Ayyub
9168,Azhar
9169,'Aziz
9170,Aziz
9171,Aziza
9172,Azra
9173,Badr
9174,Baha
9175,Bahiga
9176,Bahij
9177,Bahija
9178,Bahiyya
9179,Baki
9180,Bakr
9181,Balqis
9182,Baqi
9183,Baqir
9184,Barack
9185,Barak 2
9186,Barakat
9187,Bashar
9188,Basil 2
9189,Basim
9190,Basima
9191,Basir
9192,Basira
9193,Basit
9194,Basma
9195,Bassam
9196,Bassem
9197,Batul
9198,Bilal
9199,Binyamin
9200,Botros
9201,Boulos
9202,Boutros
9203,Brahim
9204,Budur
9205,Bulus
9206,Burhan
9207,Burhan ad-Din
9208,Burhan al-Din
9209,Burhanuddin
9210,Bushra
9211,Butrus
9212,Dalal
9213,Dalia 1
9214,Dana 4
9215,Dania 2
9216,Danial
9217,Daniyah
9218,Daniyal
9219,Danya 2
9220,Daud
9221,Dawood
9222,Dawud
9223,Dema
9224,Dima 1
9225,Dina 3
9226,Diya 2
9227,Djamila
9228,Dua
9229,Duha
9230,Ebrahim
9231,Eesa
9232,Eman
9233,Esmail
9234,Essa
9235,Fadi
9236,Fadia
9237,Fadil
9238,Fadila
9239,Fadl
9240,Fahd
9241,Fahim
9242,Fahima
9243,Fairuz
9244,Faisal
9245,Faiz
9246,Faiza
9247,Faizel
9248,Fajr
9249,Fakhri
9250,Fakhriyya
9251,Farag
9252,Farah
9253,Faraj
9254,Fareed
9255,Fareeha
9256,Farhan
9257,Farhana
9258,Farid
9259,Farida
9260,Fariha
9261,Faris
9262,Farooq
9263,Farouk
9264,Farrah
9265,Faruk
9266,Faruq
9267,Fatema
9268,Fatemah
9269,Fathi
9270,Fathiyya
9271,Fatiha
9272,Fatima
9273,Fatima az-Zahra
9274,Fatimah
9275,Fatima Zahra
9276,Fatin 1
9277,Fatin 2
9278,Fatma
9279,Fawzi
9280,Fawziya
9281,Fawziyya
9282,Fayiz
9283,Fayruz
9284,Faysal
9285,Fayza
9286,Fazl
9287,Fidda
9288,Fihr
9289,Fikri
9290,Fikriyya
9291,Firdaus
9292,Fizza
9293,Fouad
9294,Fuad
9295,Furqan
9296,Gabir
9297,Gabr
9298,Gafar
9299,Galal
9300,Galila
9301,Gamal
9302,Gamil
9303,Gamila
9304,Gathbiyya
9305,Gawahir
9306,Gawdat
9307,Gazbiyya
9308,Ghada
9309,Ghadir
9310,Ghalib
9311,Ghaliya
9312,Ghassan
9313,Ghayth
9314,Ghufran
9315,Ghulam
9316,Guda
9317,Haamid
9318,Habib
9319,Habiba
9320,Habibullah
